{"stat.walkOneCm":8812,"stat.useItem.thaumcraft.pedestal_arcane":8,"stat.useItem.extrautils2.user":1,"stat.useItem.thermalfoundation.wrench":2,"stat.leaveGame":2,"stat.pickup.mekanism.machineblock2":1,"stat.pickup.bloodmagic.blood_tank":2,"stat.useItem.thaumcraft.salis_mundus":1,"stat.useItem.chisel.arcane_stone":2,"stat.useItem.botania.specialflower":1,"stat.jump":26,"stat.useItem.harvestcraft.well":15,"stat.pickup.botania.lexicon":3,"stat.useItem.bloodmagic.blood_tank":1,"stat.useItem.botania.pool":4,"stat.crouchOneCm":102,"stat.useItem.minecraft.dirt":9,"stat.useItem.minecraft.stone_slab2":6,"stat.pickup.thaumcraft.infusion_matrix":1,"stat.useItem.extrautils2.passivegenerator":1,"stat.craftingTableInteraction":2,"stat.useItem.botania.alfheimportal":1,"stat.mineBlock.bloodmagic.blood_tank":2,"stat.useItem.minecraft.diamond_pickaxe":2,"stat.useItem.botania.twigwand":2,"stat.useItem.extrautils2.decorativebedrock":1,"stat.drop.botania.lexicon":3,"stat.craftItem.ic2.resource":2,"stat.useItem.thaumcraft.stone_arcane":8,"stat.useItem.thaumcraft.infusion_matrix":3,"stat.useItem.minecraft.anvil":1,"stat.flyOneCm":31309,"stat.drop":3,"stat.pickup.appliedenergistics2.certus_quartz_cutting_knife":1,"stat.craftItem.ic2.ingot":9,"stat.playOneMinute":269272,"stat.useItem.botania.pylon":2,"stat.sneakTime":455,"stat.useItem.botania.livingwood":26,"stat.useItem.extendedcrafting.table_ultimate":1,"stat.timeSinceDeath":269272,"stat.useItem.minecraft.crafting_table":2}