{"stat.pickup.forestry.sapling":8,"stat.leaveGame":7,"stat.mineBlock.forestry.leaves":8,"stat.drop.minecraft.glowstone_dust":6,"stat.useItem.minecraft.bookshelf":1,"stat.useItem.thaumcraft.salis_mundus":3,"stat.swimOneCm":210,"stat.pickup.projectred-exploration.barrel":63,"stat.useItem.appliedenergistics2.entropy_manipulator":11,"stat.useItem.thermalfoundation.ore":2,"stat.useItem.enderio.block_niard":1,"stat.useItem.minecraft.obsidian":14,"stat.useItem.thermalfoundation.upgrade":1,"stat.useItem.minecraft.dirt":20,"stat.useItem.minecraft.stone_slab2":163,"stat.useItem.minecraft.water_bucket":3,"stat.useItem.projectred-exploration.barrel":1,"stat.pickup.thermalfoundation.ore":64,"stat.pickup.astralsorcery.itemperkgem":5,"stat.useItem.appliedenergistics2.crank":1,"stat.useItem.enderio.block_simple_alloy_smelter":1,"stat.useItem.minecraft.iron_ore":3,"stat.useItem.thermalexpansion.machine":3,"stat.flyOneCm":85522,"stat.pickup.appliedenergistics2.material":3,"stat.craftItem.ic2.ingot":19,"stat.pickup.forestry.bee_queen_ge":1,"stat.useItem.appliedenergistics2.vibration_chamber":12,"stat.ae2.TurnedCranks":11,"stat.timeSinceDeath":2111573,"stat.useItem.minecraft.iron_pickaxe":1,"stat.craftItem.mekanism.nugget":27,"stat.drop.thaumcraft.thaumonomicon":2,"stat.useItem.enderio.block_cap_bank":2,"stat.furnaceInteraction":6,"stat.drop.astralsorcery.itemrockcrystalsimple":6,"stat.useItem.botania.rfgenerator":1,"stat.pickup.botania.manaresource":7,"stat.useItem.industrialforegoing.laser_drill":8,"stat.craftItem.thermalfoundation.material":2,"stat.craftItem.thaumcraft.thaumometer":1,"stat.useItem.projectred-expansion.machine1":2,"stat.craftItem.minecraft.stone_slab2":0,"stat.sprintOneCm":2807,"stat.useItem.modularmachinery.blockcontroller":1,"stat.pickup.ic2.resource":3,"stat.pickup.exnihilocreatio.block_netherrack_crushed":9,"stat.useItem.minecraft.cauldron":1,"stat.useItem.minecraft.flint_and_steel":1,"stat.pickup.thaumcraft.crystal_essence":1,"stat.useItem.forestry.grafter_proven":16,"stat.useItem.minecraft.diamond_pickaxe":5,"stat.mineBlock.astralsorcery.blockgemcrystals":5,"stat.useItem.minecraft.dye":18,"stat.drop":18,"stat.playOneMinute":2111573,"stat.useItem.immersiveengineering.wooden_device0":1,"stat.craftItem.immersiveengineering.metal":3,"stat.useItem.ic2.foam_sprayer":1,"stat.chestOpened":3,"stat.useItem.thermalfoundation.storage":11,"stat.useItem.excompressum.auto_sieve":2,"stat.useItem.thermalfoundation.wrench":9,"stat.useItem.extrautils2.machine":2,"stat.useItem.forestry.apiary":4,"stat.useItem.industrialforegoing.laser_base":7,"stat.pickup.astralsorcery.itemrockcrystalsimple":1,"stat.useItem.immersiveengineering.stone_decoration":8,"stat.jump":186,"stat.pickup.minecraft.coal":2,"stat.pickup.minecraft.iron_ingot":2,"stat.fallOneCm":1231,"stat.useItem.modularmachinery.itemblueprint":2,"stat.crouchOneCm":977,"stat.pickup.minecraft.dirt":3,"stat.craftingTableInteraction":9,"stat.useItem.industrialforegoing.animal_byproduct_recolector":1,"stat.useItem.minecraft.sapling":4,"stat.mineBlock.ic2.resource":3,"stat.damageTaken":110,"stat.useItem.enderio.block_painter":1,"stat.useItem.minecraft.furnace":2,"stat.mineBlock.excompressum.compressed_block":1,"stat.drop.bq_standard.loot_chest":2,"stat.useItem.forge.bucketfilled":2,"stat.useItem.extrautils2.decorativeglass":3,"stat.useItem.chisel.obsidian":7,"stat.drop.thaumcraft.thaumometer":1,"stat.damageDealt":10,"stat.useItem.minecraft.wool":2,"stat.sleepInBed":2,"stat.useItem.ic2.resource":4,"stat.useItem.excompressum.compressed_hammer_diamond":1,"stat.useItem.minecraft.crafting_table":4,"stat.mineBlock.minecraft.dirt":5,"stat.walkOneCm":77544,"stat.useItem.ic2.scaffold":2,"stat.useItem.minecraft.chest":1,"stat.useItem.appliedenergistics2.charger":3,"stat.craftItem.mekanism.ingot":3,"stat.useItem.tconstruct.pickaxe":2,"stat.useItem.minecraft.yellow_flower":8,"stat.useItem.modularmachinery.blockoutputbus":1,"stat.shulkerBoxOpened":1,"stat.mineBlock.minecraft.wool":1,"stat.pickup.minecraft.sapling":6,"stat.useItem.modularmachinery.blockinputbus":1,"stat.pickup.minecraft.apple":1,"stat.useItem.excompressum.compressed_block":2,"stat.drop.thaumcraft.crystal_essence":1,"stat.pickup.extendedcrafting.compressor":64,"stat.craftItem.ic2.resource":3,"stat.useItem.excompressum.wooden_crucible":1,"stat.pickup.thaumcraft.thaumometer":1,"stat.mineBlock.minecraft.leaves":4,"stat.sneakTime":3000,"stat.pickup.minecraft.wool":66,"stat.pickup.thaumcraft.thaumonomicon":3,"stat.useItem.industrialforegoing.resourceful_furnace":1,"stat.useItem.projectred-exploration.ore":2}