{"stat.walkOneCm":22870,"stat.useItem.thermalfoundation.wrench":9,"stat.useItem.extrautils2.machine":2,"stat.useItem.enderio.block_cap_bank":2,"stat.leaveGame":2,"stat.useItem.industrialforegoing.laser_base":7,"stat.useItem.botania.rfgenerator":1,"stat.pickup.botania.manaresource":6,"stat.useItem.industrialforegoing.laser_drill":8,"stat.useItem.immersiveengineering.stone_decoration":8,"stat.jump":50,"stat.useItem.tconstruct.pickaxe":2,"stat.shulkerBoxOpened":1,"stat.crouchOneCm":455,"stat.useItem.enderio.block_niard":1,"stat.useItem.minecraft.obsidian":14,"stat.useItem.minecraft.stone_slab2":17,"stat.pickup.ic2.resource":3,"stat.pickup.exnihilocreatio.block_netherrack_crushed":9,"stat.pickup.thermalfoundation.ore":64,"stat.mineBlock.ic2.resource":3,"stat.useItem.minecraft.flint_and_steel":1,"stat.useItem.enderio.block_simple_alloy_smelter":1,"stat.useItem.enderio.block_painter":1,"stat.useItem.thermalexpansion.machine":2,"stat.useItem.excompressum.compressed_block":2,"stat.pickup.extendedcrafting.compressor":64,"stat.useItem.excompressum.wooden_crucible":1,"stat.flyOneCm":10357,"stat.mineBlock.excompressum.compressed_block":1,"stat.drop":2,"stat.drop.bq_standard.loot_chest":2,"stat.playOneMinute":842645,"stat.useItem.extrautils2.decorativeglass":3,"stat.useItem.chisel.obsidian":7,"stat.sneakTime":1038,"stat.timeSinceDeath":842645,"stat.useItem.ic2.resource":4,"stat.useItem.industrialforegoing.resourceful_furnace":1,"stat.useItem.excompressum.compressed_hammer_diamond":1,"stat.useItem.minecraft.iron_pickaxe":1}