{
  "triumph:sky/root": {
    "criteria": {
      "location": "2020-08-28 22:35:16 +0800"
    },
    "done": true
  },
  "triumph:sky/21_steel": {
    "criteria": {
      "steel": "2020-08-29 00:02:33 +0800"
    },
    "done": true
  },
  "triumph:vanilla/story/smelt_iron": {
    "criteria": {
      "iron": "2020-08-29 13:07:27 +0800"
    },
    "done": true
  },
  "triumph:vanilla/adventure/adventuring_time": {
    "criteria": {
      "jungle_hills": "2020-08-29 13:06:42 +0800",
      "jungle": "2020-08-28 22:35:16 +0800"
    },
    "done": false
  },
  "triumph:vanilla/story/root": {
    "criteria": {
      "crafting_table": "2020-08-29 00:02:36 +0800"
    },
    "done": true
  }
}