{"stat.walkOneCm":3218,"stat.useItem.botania.alfheimportal":1,"stat.pickup.mekanism.machineblock2":1,"stat.mineBlock.bloodmagic.blood_tank":2,"stat.useItem.minecraft.diamond_pickaxe":2,"stat.useItem.botania.twigwand":2,"stat.drop.botania.lexicon":3,"stat.craftItem.ic2.resource":1,"stat.pickup.bloodmagic.blood_tank":2,"stat.flyOneCm":13689,"stat.useItem.botania.specialflower":1,"stat.drop":3,"stat.jump":11,"stat.craftItem.ic2.ingot":9,"stat.playOneMinute":119482,"stat.useItem.harvestcraft.well":2,"stat.pickup.botania.lexicon":3,"stat.useItem.botania.pylon":2,"stat.useItem.bloodmagic.blood_tank":1,"stat.sneakTime":150,"stat.useItem.botania.livingwood":26,"stat.useItem.botania.pool":4,"stat.crouchOneCm":16,"stat.timeSinceDeath":119482,"stat.useItem.minecraft.dirt":9,"stat.useItem.minecraft.crafting_table":1,"stat.useItem.minecraft.stone_slab2":6,"stat.craftingTableInteraction":1}