{
  "build:8": "3.5.329",
  "format:8": "2.0.0",
  "questDatabase:9": {
    "0:10": {
      "questID:3": 0,
      "preRequisites:11": [],
      "properties:10": {
        "betterquesting:10": {
          "issilent:1": 0,
          "snd_complete:8": "minecraft:entity.player.levelup",
          "lockedprogress:1": 0,
          "tasklogic:8": "AND",
          "repeattime:3": -1,
          "visibility:8": "NORMAL",
          "simultaneous:1": 0,
          "icon:10": {
            "id:8": "minecraft:nether_star",
            "Count:3": 1,
            "Damage:2": 0,
            "OreDict:8": ""
          },
          "globalshare:1": 0,
          "questlogic:8": "AND",
          "snd_update:8": "minecraft:entity.player.levelup",
          "autoclaim:1": 0,
          "repeat_relative:1": 1,
          "ismain:1": 0,
          "name:8": "New Quest",
          "desc:8": "No Description"
        }
      },
      "tasks:9": {},
      "rewards:9": {}
    },
    "1:10": {
      "questID:3": 1,
      "preRequisites:11": [],
      "properties:10": {
        "betterquesting:10": {
          "issilent:1": 0,
          "snd_complete:8": "minecraft:entity.player.levelup",
          "lockedprogress:1": 0,
          "tasklogic:8": "AND",
          "repeattime:3": -1,
          "visibility:8": "ALWAYS",
          "simultaneous:1": 0,
          "icon:10": {
            "id:8": "minecraft:nether_star",
            "Count:3": 1,
            "Damage:2": 0,
            "OreDict:8": ""
          },
          "globalshare:1": 0,
          "questlogic:8": "AND",
          "snd_update:8": "minecraft:entity.player.levelup",
          "autoclaim:1": 0,
          "repeat_relative:1": 1,
          "ismain:1": 0,
          "name:8": "Welcome",
          "desc:8": "Welcome and Thanks for playing AE2 Expert Skyblock!\nThere are something which mention the pack changed or the hints for progression to the goal. You must look it whatever you are expert or not for won\u0027t waste time/materials.\n\nThe pack will force you going much deep with each mods, especially AE2 automation art.\nAnd not only avoid player playing \"waste basic easy-to-get materials\" , but also the pack force on server-friendly"
        }
      },
      "tasks:9": {},
      "rewards:9": {}
    },
    "2:10": {
      "questID:3": 2,
      "preRequisites:11": [
        11
      ],
      "properties:10": {
        "betterquesting:10": {
          "issilent:1": 0,
          "snd_complete:8": "minecraft:entity.player.levelup",
          "lockedprogress:1": 0,
          "tasklogic:8": "AND",
          "repeattime:3": -1,
          "visibility:8": "NORMAL",
          "simultaneous:1": 0,
          "icon:10": {
            "id:8": "harvestcraft:groundchickenitem",
            "Count:3": 1,
            "Damage:2": 0,
            "OreDict:8": "foodGroundchicken"
          },
          "globalshare:1": 0,
          "questlogic:8": "AND",
          "snd_update:8": "minecraft:entity.player.levelup",
          "autoclaim:1": 0,
          "repeat_relative:1": 1,
          "ismain:1": 0,
          "name:8": "About the Chicken",
          "desc:8": "§cChicken Egg §fcan be crafted."
        }
      },
      "tasks:9": {},
      "rewards:9": {}
    },
    "3:10": {
      "questID:3": 3,
      "preRequisites:11": [
        11
      ],
      "properties:10": {
        "betterquesting:10": {
          "issilent:1": 0,
          "snd_complete:8": "minecraft:entity.player.levelup",
          "lockedprogress:1": 0,
          "tasklogic:8": "AND",
          "repeattime:3": -1,
          "visibility:8": "NORMAL",
          "simultaneous:1": 0,
          "icon:10": {
            "id:8": "minecraft:grass",
            "Count:3": 1,
            "Damage:2": 0,
            "OreDict:8": ""
          },
          "globalshare:1": 0,
          "questlogic:8": "AND",
          "snd_update:8": "minecraft:entity.player.levelup",
          "autoclaim:1": 0,
          "repeat_relative:1": 1,
          "ismain:1": 0,
          "name:8": "It\u0027s just very early-game !",
          "desc:8": "It\u0027s just very early-game !\n  When you did something wrong that §cirreversible§f, don\u0027t worry, just restart your island.\nBy the way, §cChisel§f can be crafted without an §cIron§f."
        }
      },
      "tasks:9": {},
      "rewards:9": {}
    },
    "4:10": {
      "questID:3": 4,
      "preRequisites:11": [],
      "properties:10": {
        "betterquesting:10": {
          "issilent:1": 0,
          "snd_complete:8": "minecraft:entity.player.levelup",
          "lockedprogress:1": 0,
          "tasklogic:8": "AND",
          "repeattime:3": -1,
          "visibility:8": "NORMAL",
          "simultaneous:1": 0,
          "icon:10": {
            "id:8": "minecraft:torch",
            "Count:3": 1,
            "Damage:2": 0,
            "OreDict:8": "torch"
          },
          "globalshare:1": 0,
          "questlogic:8": "AND",
          "snd_update:8": "minecraft:entity.player.levelup",
          "autoclaim:1": 0,
          "repeat_relative:1": 1,
          "ismain:1": 0,
          "name:8": "About Torch",
          "desc:8": "§cTorch §fis useful, it can §cbe placed on a Hopper catching something§f."
        }
      },
      "tasks:9": {},
      "rewards:9": {}
    },
    "5:10": {
      "questID:3": 5,
      "preRequisites:11": [
        2,
        3
      ],
      "properties:10": {
        "betterquesting:10": {
          "issilent:1": 0,
          "snd_complete:8": "minecraft:entity.player.levelup",
          "lockedprogress:1": 0,
          "tasklogic:8": "AND",
          "repeattime:3": -1,
          "visibility:8": "NORMAL",
          "simultaneous:1": 0,
          "icon:10": {
            "id:8": "thaumcraft:salis_mundus",
            "Count:3": 1,
            "Damage:2": 0,
            "OreDict:8": ""
          },
          "globalshare:1": 0,
          "questlogic:8": "AND",
          "snd_update:8": "minecraft:entity.player.levelup",
          "autoclaim:1": 0,
          "repeat_relative:1": 1,
          "ismain:1": 1,
          "name:8": "For Going to Progression",
          "desc:8": "You need 3 initial types of §cVis Srystal §f- §4Vicius, §2Herba §fand §7Machina §f, to craft a §cSali Mundus."
        }
      },
      "tasks:9": {
        "0:10": {
          "advancement_id:8": "triumph:sky/2_sali_mundus",
          "index:3": 0,
          "taskID:8": "bq_standard:advancement"
        }
      },
      "rewards:9": {}
    },
    "6:10": {
      "questID:3": 6,
      "preRequisites:11": [],
      "properties:10": {
        "betterquesting:10": {
          "issilent:1": 0,
          "snd_complete:8": "minecraft:entity.player.levelup",
          "lockedprogress:1": 0,
          "tasklogic:8": "AND",
          "repeattime:3": -1,
          "visibility:8": "NORMAL",
          "simultaneous:1": 0,
          "icon:10": {
            "id:8": "minecraft:book",
            "Count:3": 1,
            "Damage:2": 0,
            "OreDict:8": ""
          },
          "globalshare:1": 0,
          "questlogic:8": "AND",
          "snd_update:8": "minecraft:entity.player.levelup",
          "autoclaim:1": 0,
          "repeat_relative:1": 1,
          "ismain:1": 0,
          "name:8": "About JEI",
          "desc:8": "Some §cworld interraction recipe§f don\u0027t show on JEI."
        }
      },
      "tasks:9": {},
      "rewards:9": {}
    },
    "7:10": {
      "questID:3": 7,
      "preRequisites:11": [],
      "properties:10": {
        "betterquesting:10": {
          "issilent:1": 0,
          "snd_complete:8": "minecraft:entity.player.levelup",
          "lockedprogress:1": 0,
          "tasklogic:8": "AND",
          "repeattime:3": -1,
          "visibility:8": "NORMAL",
          "simultaneous:1": 0,
          "icon:10": {
            "id:8": "exnihilocreatio:block_barrel1",
            "Count:3": 1,
            "Damage:2": 0,
            "OreDict:8": ""
          },
          "globalshare:1": 0,
          "questlogic:8": "AND",
          "snd_update:8": "minecraft:entity.player.levelup",
          "autoclaim:1": 0,
          "repeat_relative:1": 1,
          "ismain:1": 0,
          "name:8": "Fluid in Barrel",
          "desc:8": "The §cBarrel §fwas buffed that decreasing §cliquid transform §ftime."
        }
      },
      "tasks:9": {},
      "rewards:9": {}
    },
    "8:10": {
      "questID:3": 8,
      "preRequisites:11": [],
      "properties:10": {
        "betterquesting:10": {
          "issilent:1": 0,
          "snd_complete:8": "minecraft:entity.player.levelup",
          "lockedprogress:1": 0,
          "tasklogic:8": "AND",
          "repeattime:3": -1,
          "visibility:8": "NORMAL",
          "simultaneous:1": 0,
          "icon:10": {
            "id:8": "extrautils2:passivegenerator",
            "Count:3": 1,
            "Damage:2": 2,
            "OreDict:8": ""
          },
          "globalshare:1": 0,
          "questlogic:8": "AND",
          "snd_update:8": "minecraft:entity.player.levelup",
          "autoclaim:1": 0,
          "repeat_relative:1": 1,
          "ismain:1": 0,
          "name:8": "Lava Mill",
          "desc:8": "The §cLava Mill§f is easy to craft. Use it !"
        }
      },
      "tasks:9": {},
      "rewards:9": {}
    },
    "9:10": {
      "questID:3": 9,
      "preRequisites:11": [],
      "properties:10": {
        "betterquesting:10": {
          "issilent:1": 0,
          "snd_complete:8": "minecraft:entity.player.levelup",
          "lockedprogress:1": 0,
          "tasklogic:8": "AND",
          "repeattime:3": -1,
          "visibility:8": "NORMAL",
          "simultaneous:1": 0,
          "icon:10": {
            "id:8": "minecraft:emerald",
            "Count:3": 1,
            "Damage:2": 0,
            "OreDict:8": ""
          },
          "globalshare:1": 0,
          "questlogic:8": "AND",
          "snd_update:8": "minecraft:entity.player.levelup",
          "autoclaim:1": 0,
          "repeat_relative:1": 1,
          "ismain:1": 0,
          "name:8": "Precious Emerald",
          "desc:8": "§cEmeralds§f is precious, Those were considered as §ccurrency§f."
        }
      },
      "tasks:9": {},
      "rewards:9": {}
    },
    "10:10": {
      "questID:3": 10,
      "preRequisites:11": [],
      "properties:10": {
        "betterquesting:10": {
          "issilent:1": 0,
          "snd_complete:8": "minecraft:entity.player.levelup",
          "lockedprogress:1": 0,
          "tasklogic:8": "AND",
          "repeattime:3": -1,
          "visibility:8": "NORMAL",
          "simultaneous:1": 0,
          "icon:10": {
            "id:8": "minecraft:dye",
            "Count:3": 1,
            "Damage:2": 0,
            "OreDict:8": ""
          },
          "globalshare:1": 0,
          "questlogic:8": "AND",
          "snd_update:8": "minecraft:entity.player.levelup",
          "autoclaim:1": 0,
          "repeat_relative:1": 1,
          "ismain:1": 0,
          "name:8": "About Squid",
          "desc:8": "Squid commonly spawn in water§c between layers 46 and level 64§f especially with§c Squid Bait§f."
        }
      },
      "tasks:9": {},
      "rewards:9": {}
    },
    "11:10": {
      "questID:3": 11,
      "preRequisites:11": [
        1
      ],
      "properties:10": {
        "betterquesting:10": {
          "issilent:1": 0,
          "snd_complete:8": "minecraft:entity.player.levelup",
          "lockedprogress:1": 0,
          "tasklogic:8": "AND",
          "repeattime:3": -1,
          "visibility:8": "NORMAL",
          "simultaneous:1": 0,
          "icon:10": {
            "id:8": "minecraft:cobblestone",
            "Count:3": 1,
            "Damage:2": 0,
            "OreDict:8": ""
          },
          "globalshare:1": 0,
          "questlogic:8": "AND",
          "snd_update:8": "minecraft:entity.player.levelup",
          "autoclaim:1": 0,
          "repeat_relative:1": 1,
          "ismain:1": 0,
          "name:8": "Cobblestone Quest",
          "desc:8": "There has §cmany ways §fto deal with cobble gen at early game §cEXCEPT Item Transfer Node§f, You can craft it later."
        }
      },
      "tasks:9": {},
      "rewards:9": {}
    },
    "12:10": {
      "questID:3": 12,
      "preRequisites:11": [],
      "properties:10": {
        "betterquesting:10": {
          "issilent:1": 0,
          "snd_complete:8": "minecraft:entity.player.levelup",
          "lockedprogress:1": 0,
          "tasklogic:8": "AND",
          "repeattime:3": -1,
          "visibility:8": "NORMAL",
          "simultaneous:1": 0,
          "icon:10": {
            "id:8": "astralsorcery:blockwell",
            "Count:3": 1,
            "Damage:2": 0,
            "OreDict:8": ""
          },
          "globalshare:1": 0,
          "questlogic:8": "AND",
          "snd_update:8": "minecraft:entity.player.levelup",
          "autoclaim:1": 0,
          "repeat_relative:1": 1,
          "ismain:1": 0,
          "name:8": "Lightwell and Rock Crystal",
          "desc:8": "§cLightwell§f and §cRock Crystal§f are easy to obtain, look into it !"
        }
      },
      "tasks:9": {},
      "rewards:9": {}
    },
    "13:10": {
      "questID:3": 13,
      "preRequisites:11": [],
      "properties:10": {
        "betterquesting:10": {
          "issilent:1": 0,
          "snd_complete:8": "minecraft:entity.player.levelup",
          "lockedprogress:1": 0,
          "tasklogic:8": "AND",
          "repeattime:3": -1,
          "visibility:8": "NORMAL",
          "simultaneous:1": 0,
          "icon:10": {
            "id:8": "minecraft:nether_star",
            "Count:3": 1,
            "Damage:2": 0,
            "OreDict:8": ""
          },
          "globalshare:1": 0,
          "questlogic:8": "OR",
          "snd_update:8": "minecraft:entity.player.levelup",
          "autoclaim:1": 0,
          "repeat_relative:1": 1,
          "ismain:1": 0,
          "name:8": "Vis Crystal Reward here!",
          "desc:8": "To complete a Thaumcraft\u0027s research."
        }
      },
      "tasks:9": {},
      "rewards:9": {
        "0:10": {
          "rewardID:8": "bq_standard:item",
          "index:3": 0,
          "rewards:9": {
            "0:10": {
              "id:8": "thaumcraft:crystal_essence",
              "Count:3": 1,
              "tag:10": {
                "Aspects:9": {
                  "0:10": {
                    "amount:3": 1,
                    "key:8": "vacuos"
                  }
                }
              },
              "Damage:2": 0,
              "OreDict:8": ""
            },
            "1:10": {
              "id:8": "thaumcraft:crystal_essence",
              "Count:3": 1,
              "tag:10": {
                "Aspects:9": {
                  "0:10": {
                    "amount:3": 1,
                    "key:8": "lux"
                  }
                }
              },
              "Damage:2": 0,
              "OreDict:8": ""
            },
            "2:10": {
              "id:8": "thaumcraft:crystal_essence",
              "Count:3": 1,
              "tag:10": {
                "Aspects:9": {
                  "0:10": {
                    "amount:3": 1,
                    "key:8": "motus"
                  }
                }
              },
              "Damage:2": 0,
              "OreDict:8": ""
            },
            "3:10": {
              "id:8": "thaumcraft:crystal_essence",
              "Count:3": 1,
              "tag:10": {
                "Aspects:9": {
                  "0:10": {
                    "amount:3": 1,
                    "key:8": "gelum"
                  }
                }
              },
              "Damage:2": 0,
              "OreDict:8": ""
            },
            "4:10": {
              "id:8": "thaumcraft:crystal_essence",
              "Count:3": 1,
              "tag:10": {
                "Aspects:9": {
                  "0:10": {
                    "amount:3": 1,
                    "key:8": "vitreus"
                  }
                }
              },
              "Damage:2": 0,
              "OreDict:8": ""
            },
            "5:10": {
              "id:8": "thaumcraft:crystal_essence",
              "Count:3": 1,
              "tag:10": {
                "Aspects:9": {
                  "0:10": {
                    "amount:3": 1,
                    "key:8": "metallum"
                  }
                }
              },
              "Damage:2": 0,
              "OreDict:8": ""
            },
            "6:10": {
              "id:8": "thaumcraft:crystal_essence",
              "Count:3": 1,
              "tag:10": {
                "Aspects:9": {
                  "0:10": {
                    "amount:3": 1,
                    "key:8": "victus"
                  }
                }
              },
              "Damage:2": 0,
              "OreDict:8": ""
            },
            "7:10": {
              "id:8": "thaumcraft:crystal_essence",
              "Count:3": 1,
              "tag:10": {
                "Aspects:9": {
                  "0:10": {
                    "amount:3": 1,
                    "key:8": "mortuus"
                  }
                }
              },
              "Damage:2": 0,
              "OreDict:8": ""
            },
            "8:10": {
              "id:8": "thaumcraft:crystal_essence",
              "Count:3": 1,
              "tag:10": {
                "Aspects:9": {
                  "0:10": {
                    "amount:3": 1,
                    "key:8": "potentia"
                  }
                }
              },
              "Damage:2": 0,
              "OreDict:8": ""
            },
            "9:10": {
              "id:8": "thaumcraft:crystal_essence",
              "Count:3": 1,
              "tag:10": {
                "Aspects:9": {
                  "0:10": {
                    "amount:3": 1,
                    "key:8": "permutatio"
                  }
                }
              },
              "Damage:2": 0,
              "OreDict:8": ""
            }
          }
        }
      }
    },
    "14:10": {
      "questID:3": 14,
      "preRequisites:11": [],
      "properties:10": {
        "betterquesting:10": {
          "issilent:1": 0,
          "snd_complete:8": "minecraft:entity.player.levelup",
          "lockedprogress:1": 0,
          "tasklogic:8": "AND",
          "repeattime:3": -1,
          "visibility:8": "NORMAL",
          "simultaneous:1": 0,
          "icon:10": {
            "ForgeCaps:10": {
              "astralsorcery:cap_item_amulet_holder:10": {}
            },
            "id:8": "forge:bucketfilled",
            "Count:3": 1,
            "tag:10": {
              "FluidName:8": "mana",
              "Amount:3": 1000
            },
            "Damage:2": 0,
            "OreDict:8": ""
          },
          "globalshare:1": 0,
          "questlogic:8": "AND",
          "snd_update:8": "minecraft:entity.player.levelup",
          "autoclaim:1": 0,
          "repeat_relative:1": 1,
          "ismain:1": 0,
          "name:8": "Primal Mana",
          "desc:8": "§cPrimal Mana §fis obtainable."
        }
      },
      "tasks:9": {},
      "rewards:9": {}
    },
    "15:10": {
      "questID:3": 15,
      "preRequisites:11": [],
      "properties:10": {
        "betterquesting:10": {
          "issilent:1": 0,
          "snd_complete:8": "minecraft:entity.player.levelup",
          "lockedprogress:1": 0,
          "tasklogic:8": "AND",
          "repeattime:3": -1,
          "visibility:8": "NORMAL",
          "simultaneous:1": 0,
          "icon:10": {
            "id:8": "minecraft:sapling",
            "Count:3": 1,
            "Damage:2": 0,
            "OreDict:8": ""
          },
          "globalshare:1": 0,
          "questlogic:8": "AND",
          "snd_update:8": "minecraft:entity.player.levelup",
          "autoclaim:1": 0,
          "repeat_relative:1": 1,
          "ismain:1": 0,
          "name:8": "About Tree Mutation",
          "desc:8": "In order to see these pollinated blocks, you\u0027ll need §cSpectacles §f§d§for an §cApiarist\u0027s Hat§f§f§f§d; when you put these in the head armor slot in your inventory, you can see the pollinated leaf blocks as looking like leaves from different trees. If you break these leaf blocks with a §cGrafter§f, you\u0027ll be sure of a sapling drop (this does not seem to be working on any and all leaves anymore, just the pollinated ones). Grafters don\u0027t have a lot of uses before they break, so you\u0027ll need a good number of them."
        }
      },
      "tasks:9": {},
      "rewards:9": {}
    },
    "16:10": {
      "questID:3": 16,
      "preRequisites:11": [],
      "properties:10": {
        "betterquesting:10": {
          "issilent:1": 0,
          "snd_complete:8": "minecraft:entity.player.levelup",
          "lockedprogress:1": 0,
          "tasklogic:8": "AND",
          "repeattime:3": -1,
          "visibility:8": "NORMAL",
          "simultaneous:1": 0,
          "icon:10": {
            "id:8": "exnihilocreatio:item_material",
            "Count:3": 1,
            "Damage:2": 5,
            "OreDict:8": ""
          },
          "globalshare:1": 0,
          "questlogic:8": "AND",
          "snd_update:8": "minecraft:entity.player.levelup",
          "autoclaim:1": 0,
          "repeat_relative:1": 1,
          "ismain:1": 0,
          "name:8": "Dolls",
          "desc:8": "The Ex Nihilo\u0027s §cDolls§f are useful, those can §csummon some mobs§f."
        }
      },
      "tasks:9": {},
      "rewards:9": {}
    },
    "17:10": {
      "questID:3": 17,
      "preRequisites:11": [],
      "properties:10": {
        "betterquesting:10": {
          "issilent:1": 0,
          "snd_complete:8": "minecraft:entity.player.levelup",
          "lockedprogress:1": 0,
          "tasklogic:8": "AND",
          "repeattime:3": -1,
          "visibility:8": "NORMAL",
          "simultaneous:1": 0,
          "icon:10": {
            "id:8": "thaumcraft:condenser_lattice_dirty",
            "Count:3": 1,
            "Damage:2": 0,
            "OreDict:8": ""
          },
          "globalshare:1": 0,
          "questlogic:8": "AND",
          "snd_update:8": "minecraft:entity.player.levelup",
          "autoclaim:1": 0,
          "repeat_relative:1": 1,
          "ismain:1": 0,
          "name:8": "About The Flux Rift",
          "desc:8": "§cFlux Rifts §9CAN\u0027T §fspawn in a 64×64×64 area around an another Flux Rift. Flux Rifts must have at least a portion of §cthe rift with no blocks above it§f, up to the build limit. Creating a solid platform of any block can control the §cheight §fof the Flux Rift\u0027s spawn."
        }
      },
      "tasks:9": {},
      "rewards:9": {}
    },
    "18:10": {
      "questID:3": 18,
      "preRequisites:11": [],
      "properties:10": {
        "betterquesting:10": {
          "issilent:1": 0,
          "snd_complete:8": "minecraft:entity.player.levelup",
          "lockedprogress:1": 0,
          "tasklogic:8": "AND",
          "repeattime:3": -1,
          "visibility:8": "NORMAL",
          "simultaneous:1": 0,
          "icon:10": {
            "ForgeCaps:10": {
              "astralsorcery:cap_item_amulet_holder:10": {}
            },
            "id:8": "actuallyadditions:item_booklet",
            "Count:3": 1,
            "Damage:2": 0,
            "OreDict:8": ""
          },
          "globalshare:1": 0,
          "questlogic:8": "AND",
          "snd_update:8": "minecraft:entity.player.levelup",
          "autoclaim:1": 0,
          "repeat_relative:1": 1,
          "ismain:1": 0,
          "name:8": "AA\u0027s Manual",
          "desc:8": "The manual book should be given to the player §cwhen he first crafts something§f from AA."
        }
      },
      "tasks:9": {},
      "rewards:9": {}
    },
    "19:10": {
      "questID:3": 19,
      "preRequisites:11": [],
      "properties:10": {
        "betterquesting:10": {
          "issilent:1": 0,
          "snd_complete:8": "minecraft:entity.player.levelup",
          "lockedprogress:1": 0,
          "tasklogic:8": "AND",
          "repeattime:3": -1,
          "visibility:8": "NORMAL",
          "simultaneous:1": 0,
          "icon:10": {
            "id:8": "appliedenergistics2:part",
            "Count:3": 1,
            "Damage:2": 280,
            "OreDict:8": ""
          },
          "globalshare:1": 0,
          "questlogic:8": "AND",
          "snd_update:8": "minecraft:entity.player.levelup",
          "autoclaim:1": 0,
          "repeat_relative:1": 1,
          "ismain:1": 0,
          "name:8": "Magic of Redstone Signal",
          "desc:8": "§cRedstone Signal§f is one of magic in MC, It can control §cIN/OUT or ON/OFF §flike an §cAutomatic System§f."
        }
      },
      "tasks:9": {},
      "rewards:9": {}
    },
    "20:10": {
      "questID:3": 20,
      "preRequisites:11": [],
      "properties:10": {
        "betterquesting:10": {
          "issilent:1": 0,
          "snd_complete:8": "minecraft:entity.player.levelup",
          "lockedprogress:1": 0,
          "tasklogic:8": "AND",
          "repeattime:3": -1,
          "visibility:8": "NORMAL",
          "simultaneous:1": 0,
          "icon:10": {
            "id:8": "modularmachinery:blockcontroller",
            "Count:3": 1,
            "Damage:2": 0,
            "OreDict:8": ""
          },
          "globalshare:1": 0,
          "questlogic:8": "AND",
          "snd_update:8": "minecraft:entity.player.levelup",
          "autoclaim:1": 0,
          "repeat_relative:1": 1,
          "ismain:1": 0,
          "name:8": "Improvement Sieve",
          "desc:8": "Assemble the §cImprovement Auto Sieve§f ASAP will help you a lot.\nAnd it DON\u0027T require blueprint for working."
        }
      },
      "tasks:9": {},
      "rewards:9": {}
    },
    "21:10": {
      "questID:3": 21,
      "preRequisites:11": [],
      "properties:10": {
        "betterquesting:10": {
          "issilent:1": 0,
          "snd_complete:8": "minecraft:entity.player.levelup",
          "lockedprogress:1": 0,
          "tasklogic:8": "AND",
          "repeattime:3": -1,
          "visibility:8": "NORMAL",
          "simultaneous:1": 0,
          "icon:10": {
            "id:8": "appliedenergistics2:quantum_link",
            "Count:3": 1,
            "Damage:2": 0,
            "OreDict:8": ""
          },
          "globalshare:1": 0,
          "questlogic:8": "AND",
          "snd_update:8": "minecraft:entity.player.levelup",
          "autoclaim:1": 0,
          "repeat_relative:1": 1,
          "ismain:1": 0,
          "name:8": "Matter Energy - AE",
          "desc:8": "§§You can access §cAE power §fearly before the first RF generater crafted."
        }
      },
      "tasks:9": {},
      "rewards:9": {}
    },
    "22:10": {
      "questID:3": 22,
      "preRequisites:11": [],
      "properties:10": {
        "betterquesting:10": {
          "issilent:1": 0,
          "snd_complete:8": "minecraft:entity.player.levelup",
          "lockedprogress:1": 0,
          "tasklogic:8": "AND",
          "repeattime:3": -1,
          "visibility:8": "NORMAL",
          "simultaneous:1": 0,
          "icon:10": {
            "ForgeCaps:10": {
              "astralsorcery:cap_item_amulet_holder:10": {}
            },
            "id:8": "forestry:book_forester",
            "Count:3": 1,
            "Damage:2": 0,
            "OreDict:8": ""
          },
          "globalshare:1": 0,
          "questlogic:8": "AND",
          "snd_update:8": "minecraft:entity.player.levelup",
          "autoclaim:1": 0,
          "repeat_relative:1": 1,
          "ismain:1": 0,
          "name:8": "BeeDee",
          "desc:8": "Forestry mod has several useful blocks, check the §cManual§f!!"
        }
      },
      "tasks:9": {},
      "rewards:9": {}
    },
    "23:10": {
      "questID:3": 23,
      "preRequisites:11": [],
      "properties:10": {
        "betterquesting:10": {
          "issilent:1": 0,
          "snd_complete:8": "minecraft:entity.player.levelup",
          "lockedprogress:1": 0,
          "tasklogic:8": "AND",
          "repeattime:3": -1,
          "visibility:8": "NORMAL",
          "simultaneous:1": 0,
          "icon:10": {
            "id:8": "botania:corporeaspark",
            "Count:3": 1,
            "Damage:2": 0,
            "OreDict:8": ""
          },
          "globalshare:1": 0,
          "questlogic:8": "AND",
          "snd_update:8": "minecraft:entity.player.levelup",
          "autoclaim:1": 0,
          "repeat_relative:1": 1,
          "ismain:1": 0,
          "name:8": "Corporea Logistics Network",
          "desc:8": "§cCorporea Sparks§f are easy to get! Try out autocrafting with these logistics network items."
        }
      },
      "tasks:9": {},
      "rewards:9": {}
    }
  },
  "questLines:9": {
    "0:10": {
      "quests:9": {
        "0:10": {
          "sizeX:3": 24,
          "x:3": -276,
          "y:3": -72,
          "id:3": 1,
          "sizeY:3": 24
        },
        "1:10": {
          "sizeX:3": 24,
          "x:3": -204,
          "y:3": -96,
          "id:3": 2,
          "sizeY:3": 24
        },
        "2:10": {
          "sizeX:3": 24,
          "x:3": -204,
          "y:3": -48,
          "id:3": 3,
          "sizeY:3": 24
        },
        "3:10": {
          "sizeX:3": 24,
          "x:3": -132,
          "y:3": -24,
          "id:3": 4,
          "sizeY:3": 24
        },
        "4:10": {
          "sizeX:3": 24,
          "x:3": -168,
          "y:3": -72,
          "id:3": 5,
          "sizeY:3": 24
        },
        "5:10": {
          "sizeX:3": 24,
          "x:3": 12,
          "y:3": -96,
          "id:3": 6,
          "sizeY:3": 24
        },
        "6:10": {
          "sizeX:3": 24,
          "x:3": -36,
          "y:3": 24,
          "id:3": 7,
          "sizeY:3": 24
        },
        "7:10": {
          "sizeX:3": 24,
          "x:3": -36,
          "y:3": -24,
          "id:3": 8,
          "sizeY:3": 24
        },
        "8:10": {
          "sizeX:3": 24,
          "x:3": -84,
          "y:3": -48,
          "id:3": 9,
          "sizeY:3": 24
        },
        "9:10": {
          "sizeX:3": 24,
          "x:3": -36,
          "y:3": -120,
          "id:3": 10,
          "sizeY:3": 24
        },
        "10:10": {
          "sizeX:3": 24,
          "x:3": -240,
          "y:3": -72,
          "id:3": 11,
          "sizeY:3": 24
        },
        "11:10": {
          "sizeX:3": 24,
          "x:3": -132,
          "y:3": -72,
          "id:3": 12,
          "sizeY:3": 24
        },
        "12:10": {
          "sizeX:3": 24,
          "x:3": 12,
          "y:3": -48,
          "id:3": 14,
          "sizeY:3": 24
        },
        "13:10": {
          "sizeX:3": 24,
          "x:3": -36,
          "y:3": -72,
          "id:3": 15,
          "sizeY:3": 24
        },
        "14:10": {
          "sizeX:3": 24,
          "x:3": -36,
          "y:3": -168,
          "id:3": 16,
          "sizeY:3": 24
        },
        "15:10": {
          "sizeX:3": 24,
          "x:3": 12,
          "y:3": 48,
          "id:3": 17,
          "sizeY:3": 24
        },
        "16:10": {
          "sizeX:3": 24,
          "x:3": 12,
          "y:3": 0,
          "id:3": 18,
          "sizeY:3": 24
        },
        "17:10": {
          "sizeX:3": 24,
          "x:3": -84,
          "y:3": -96,
          "id:3": 19,
          "sizeY:3": 24
        },
        "18:10": {
          "sizeX:3": 24,
          "x:3": -84,
          "y:3": 0,
          "id:3": 20,
          "sizeY:3": 24
        },
        "19:10": {
          "sizeX:3": 24,
          "x:3": -84,
          "y:3": -144,
          "id:3": 21,
          "sizeY:3": 24
        },
        "20:10": {
          "sizeX:3": 24,
          "x:3": 12,
          "y:3": -144,
          "id:3": 22,
          "sizeY:3": 24
        },
        "21:10": {
          "sizeX:3": 24,
          "x:3": -132,
          "y:3": -120,
          "id:3": 23,
          "sizeY:3": 24
        }
      },
      "lineID:3": 0,
      "properties:10": {
        "betterquesting:10": {
          "visibility:8": "ALWAYS",
          "name:8": "Tips \u0026 Hints",
          "icon:10": {
            "id:8": "minecraft:book",
            "Count:3": 1,
            "Damage:2": 0,
            "OreDict:8": ""
          },
          "bg_image:8": "",
          "bg_size:3": 256,
          "desc:8": "There are somethings which mention the pack changed or the hints for progression to the goal. You must look it whatever you are expert or not for won\u0027t waste time/materials."
        }
      },
      "order:3": 0
    }
  },
  "questSettings:10": {
    "betterquesting:10": {
      "livesdef:3": 3,
      "pack_name:8": "",
      "home_anchor_y:5": 0.0,
      "livesmax:3": 10,
      "home_anchor_x:5": 0.5,
      "editmode:1": 0,
      "hardcore:1": 0,
      "home_image:8": "betterquesting:textures/gui/default_title.png",
      "party_enable:1": 1,
      "pack_version:3": 0,
      "home_offset_x:3": -128,
      "home_offset_y:3": 0
    }
  }
}