{
  "questProgress:9": {
    "0:10": {
      "questID:3": 0,
      "completed:9": {
        "0:10": {
          "claimed:1": 0,
          "uuid:8": "f1856b55-e624-4b25-a0ea-5219e89ca945",
          "timestamp:4": 1589286026276
        }
      },
      "tasks:9": {}
    },
    "1:10": {
      "questID:3": 1,
      "completed:9": {
        "0:10": {
          "claimed:1": 0,
          "uuid:8": "f1856b55-e624-4b25-a0ea-5219e89ca945",
          "timestamp:4": 1590839182565
        }
      },
      "tasks:9": {}
    },
    "2:10": {
      "questID:3": 2,
      "completed:9": {
        "0:10": {
          "claimed:1": 0,
          "uuid:8": "f1856b55-e624-4b25-a0ea-5219e89ca945",
          "timestamp:4": 1590839198113
        }
      },
      "tasks:9": {}
    },
    "3:10": {
      "questID:3": 3,
      "completed:9": {
        "0:10": {
          "claimed:1": 0,
          "uuid:8": "f1856b55-e624-4b25-a0ea-5219e89ca945",
          "timestamp:4": 1590839194616
        }
      },
      "tasks:9": {}
    },
    "4:10": {
      "questID:3": 4,
      "completed:9": {
        "0:10": {
          "claimed:1": 0,
          "uuid:8": "f1856b55-e624-4b25-a0ea-5219e89ca945",
          "timestamp:4": 1589286026277
        }
      },
      "tasks:9": {}
    },
    "5:10": {
      "questID:3": 5,
      "completed:9": {
        "0:10": {
          "claimed:1": 0,
          "uuid:8": "f1856b55-e624-4b25-a0ea-5219e89ca945",
          "timestamp:4": 1591435975444
        }
      },
      "tasks:9": {
        "0:10": {
          "completeUsers:9": {
            "0:8": "f1856b55-e624-4b25-a0ea-5219e89ca945"
          },
          "index:3": 0,
          "taskID:8": "bq_standard:advancement"
        }
      }
    },
    "6:10": {
      "questID:3": 6,
      "completed:9": {
        "0:10": {
          "claimed:1": 0,
          "uuid:8": "f1856b55-e624-4b25-a0ea-5219e89ca945",
          "timestamp:4": 1589286026278
        }
      },
      "tasks:9": {}
    },
    "7:10": {
      "questID:3": 7,
      "completed:9": {
        "0:10": {
          "claimed:1": 0,
          "uuid:8": "f1856b55-e624-4b25-a0ea-5219e89ca945",
          "timestamp:4": 1589286026278
        }
      },
      "tasks:9": {}
    },
    "8:10": {
      "questID:3": 8,
      "completed:9": {
        "0:10": {
          "claimed:1": 0,
          "uuid:8": "f1856b55-e624-4b25-a0ea-5219e89ca945",
          "timestamp:4": 1589286026278
        }
      },
      "tasks:9": {}
    },
    "9:10": {
      "questID:3": 9,
      "completed:9": {
        "0:10": {
          "claimed:1": 0,
          "uuid:8": "f1856b55-e624-4b25-a0ea-5219e89ca945",
          "timestamp:4": 1589286026278
        }
      },
      "tasks:9": {}
    },
    "10:10": {
      "questID:3": 10,
      "completed:9": {
        "0:10": {
          "claimed:1": 0,
          "uuid:8": "f1856b55-e624-4b25-a0ea-5219e89ca945",
          "timestamp:4": 1589286026278
        }
      },
      "tasks:9": {}
    },
    "11:10": {
      "questID:3": 11,
      "completed:9": {
        "0:10": {
          "claimed:1": 0,
          "uuid:8": "f1856b55-e624-4b25-a0ea-5219e89ca945",
          "timestamp:4": 1590839186015
        }
      },
      "tasks:9": {}
    },
    "12:10": {
      "questID:3": 12,
      "completed:9": {
        "0:10": {
          "claimed:1": 0,
          "uuid:8": "f1856b55-e624-4b25-a0ea-5219e89ca945",
          "timestamp:4": 1589286026278
        }
      },
      "tasks:9": {}
    },
    "13:10": {
      "questID:3": 13,
      "completed:9": {
        "0:10": {
          "claimed:1": 0,
          "uuid:8": "f1856b55-e624-4b25-a0ea-5219e89ca945",
          "timestamp:4": 1589286026278
        }
      },
      "tasks:9": {}
    },
    "14:10": {
      "questID:3": 14,
      "completed:9": {
        "0:10": {
          "claimed:1": 0,
          "uuid:8": "f1856b55-e624-4b25-a0ea-5219e89ca945",
          "timestamp:4": 1589286026278
        }
      },
      "tasks:9": {}
    },
    "15:10": {
      "questID:3": 15,
      "completed:9": {
        "0:10": {
          "claimed:1": 0,
          "uuid:8": "f1856b55-e624-4b25-a0ea-5219e89ca945",
          "timestamp:4": 1589286026278
        }
      },
      "tasks:9": {}
    },
    "16:10": {
      "questID:3": 16,
      "completed:9": {
        "0:10": {
          "claimed:1": 0,
          "uuid:8": "f1856b55-e624-4b25-a0ea-5219e89ca945",
          "timestamp:4": 1589286026278
        }
      },
      "tasks:9": {}
    },
    "17:10": {
      "questID:3": 17,
      "completed:9": {
        "0:10": {
          "claimed:1": 0,
          "uuid:8": "f1856b55-e624-4b25-a0ea-5219e89ca945",
          "timestamp:4": 1589286026278
        }
      },
      "tasks:9": {}
    },
    "18:10": {
      "questID:3": 18,
      "completed:9": {
        "0:10": {
          "claimed:1": 0,
          "uuid:8": "f1856b55-e624-4b25-a0ea-5219e89ca945",
          "timestamp:4": 1589286026278
        }
      },
      "tasks:9": {}
    },
    "19:10": {
      "questID:3": 19,
      "completed:9": {
        "0:10": {
          "claimed:1": 0,
          "uuid:8": "f1856b55-e624-4b25-a0ea-5219e89ca945",
          "timestamp:4": 1589286026278
        }
      },
      "tasks:9": {
        "0:10": {
          "completeUsers:9": {},
          "index:3": 0,
          "taskID:8": "bq_standard:advancement"
        }
      }
    },
    "20:10": {
      "questID:3": 20,
      "completed:9": {
        "0:10": {
          "claimed:1": 0,
          "uuid:8": "f1856b55-e624-4b25-a0ea-5219e89ca945",
          "timestamp:4": 1589286026278
        }
      },
      "tasks:9": {}
    },
    "21:10": {
      "questID:3": 21,
      "completed:9": {
        "0:10": {
          "claimed:1": 0,
          "uuid:8": "f1856b55-e624-4b25-a0ea-5219e89ca945",
          "timestamp:4": 1589286026278
        }
      },
      "tasks:9": {}
    },
    "22:10": {
      "questID:3": 22,
      "completed:9": {
        "0:10": {
          "claimed:1": 0,
          "uuid:8": "f1856b55-e624-4b25-a0ea-5219e89ca945",
          "timestamp:4": 1589286026278
        }
      },
      "tasks:9": {}
    },
    "23:10": {
      "questID:3": 23,
      "completed:9": {
        "0:10": {
          "claimed:1": 0,
          "uuid:8": "f1856b55-e624-4b25-a0ea-5219e89ca945",
          "timestamp:4": 1589286026278
        }
      },
      "tasks:9": {}
    },
    "24:10": {
      "questID:3": 24,
      "completed:9": {
        "0:10": {
          "claimed:1": 0,
          "uuid:8": "f1856b55-e624-4b25-a0ea-5219e89ca945",
          "timestamp:4": 1591435978447
        }
      },
      "tasks:9": {
        "0:10": {
          "completeUsers:9": {},
          "userProgress:9": {},
          "index:3": 0,
          "taskID:8": "bq_standard:crafting"
        }
      }
    },
    "25:10": {
      "questID:3": 25,
      "completed:9": {
        "0:10": {
          "claimed:1": 0,
          "uuid:8": "f1856b55-e624-4b25-a0ea-5219e89ca945",
          "timestamp:4": 1591435975447
        }
      },
      "tasks:9": {}
    },
    "26:10": {
      "questID:3": 26,
      "completed:9": {
        "0:10": {
          "claimed:1": 0,
          "uuid:8": "f1856b55-e624-4b25-a0ea-5219e89ca945",
          "timestamp:4": 1591435975448
        }
      },
      "tasks:9": {}
    }
  }
}