{
  "triumph:vanilla/nether/root": {
    "criteria": {
      "entered_nether": "2020-05-30 21:33:51 +0800"
    },
    "done": true
  },
  "triumph:vanilla/end/root": {
    "criteria": {
      "entered_end": "2020-06-02 20:48:39 +0800"
    },
    "done": true
  },
  "triumph:vanilla/recipes/root": {
    "criteria": {
      "impossible": "2020-06-02 20:48:39 +0800"
    },
    "done": true
  },
  "triumph:vanilla/nether/fast_travel": {
    "criteria": {
      "travelled": "2020-06-02 20:48:39 +0800"
    },
    "done": true
  },
  "triumph:vanilla/end/respawn_dragon": {
    "criteria": {
      "summoned_dragon": "2020-06-02 20:48:39 +0800"
    },
    "done": true
  },
  "triumph:vanilla/husbandry/bred_all_animals": {
    "criteria": {
      "bred_chicken": "2020-06-02 20:48:39 +0800",
      "bred_ocelot": "2020-06-02 20:48:39 +0800",
      "bred_sheep": "2020-06-02 20:48:39 +0800",
      "bred_wolf": "2020-06-02 20:48:39 +0800",
      "bred_llama": "2020-06-02 20:48:39 +0800",
      "bred_rabbit": "2020-06-02 20:48:39 +0800",
      "bred_horse": "2020-06-02 20:48:39 +0800",
      "bred_cow": "2020-06-02 20:48:39 +0800",
      "bred_mooshroom": "2020-06-02 20:48:39 +0800",
      "bred_pig": "2020-06-02 20:48:39 +0800"
    },
    "done": true
  },
  "triumph:sky/42_diamond_bee": {
    "criteria": {
      "diamond": "2020-06-02 20:48:39 +0800"
    },
    "done": true
  },
  "triumph:vanilla/story/upgrade_tools": {
    "criteria": {
      "stone_pickaxe": "2020-06-02 20:48:39 +0800"
    },
    "done": true
  },
  "triumph:vanilla/story/form_obsidian": {
    "criteria": {
      "obsidian": "2020-05-30 21:33:05 +0800"
    },
    "done": true
  },
  "triumph:sky/5_alchemy_catalyst": {
    "criteria": {
      "alchemy": "2020-06-02 20:48:39 +0800"
    },
    "done": true
  },
  "triumph:vanilla/story/mine_diamond": {
    "criteria": {
      "diamond": "2020-06-02 20:48:39 +0800"
    },
    "done": true
  },
  "triumph:vanilla/adventure/adventuring_time": {
    "criteria": {
      "ice_flats": "2020-06-02 20:48:39 +0800",
      "frozen_river": "2020-06-02 20:48:39 +0800",
      "taiga_cold_hills": "2020-06-02 20:48:39 +0800",
      "forest": "2020-06-02 20:48:39 +0800",
      "mesa_rock": "2020-06-02 20:48:39 +0800",
      "mushroom_island_shore": "2020-06-02 20:48:39 +0800",
      "swampland": "2020-06-02 20:48:39 +0800",
      "birch_forest": "2020-06-02 20:48:39 +0800",
      "deep_ocean": "2020-06-02 20:48:39 +0800",
      "beaches": "2020-06-02 20:48:39 +0800",
      "extreme_hills_with_trees": "2020-06-02 20:48:39 +0800",
      "desert_hills": "2020-06-02 20:48:39 +0800",
      "mesa": "2020-06-02 20:48:39 +0800",
      "forest_hills": "2020-06-02 20:48:39 +0800",
      "savanna": "2020-06-02 20:48:39 +0800",
      "plains": "2020-06-02 20:48:39 +0800",
      "jungle_hills": "2020-06-02 20:48:39 +0800",
      "jungle_edge": "2020-06-02 20:48:39 +0800",
      "mesa_clear_rock": "2020-06-02 20:48:39 +0800",
      "savanna_rock": "2020-06-02 20:48:39 +0800",
      "ice_mountains": "2020-06-02 20:48:39 +0800",
      "redwood_taiga": "2020-06-02 20:48:39 +0800",
      "taiga": "2020-06-02 20:48:39 +0800",
      "taiga_hills": "2020-05-12 20:20:23 +0800",
      "redwood_taiga_hills": "2020-06-02 20:48:39 +0800",
      "birch_forest_hills": "2020-06-02 20:48:39 +0800",
      "mushroom_island": "2020-06-02 20:48:39 +0800",
      "taiga_cold": "2020-06-02 20:48:39 +0800",
      "ocean": "2020-06-02 20:48:39 +0800",
      "extreme_hills": "2020-06-02 20:48:39 +0800",
      "roofed_forest": "2020-06-02 20:48:39 +0800",
      "cold_beach": "2020-06-02 20:48:39 +0800",
      "river": "2020-06-02 20:48:39 +0800",
      "jungle": "2020-06-02 20:48:39 +0800",
      "desert": "2020-06-02 20:48:39 +0800",
      "stone_beach": "2020-06-02 20:48:39 +0800"
    },
    "done": true
  },
  "triumph:vanilla/recipes/brewing/fermented_spider_eye": {
    "criteria": {
      "has_spider_eye": "2020-06-02 20:48:39 +0800",
      "has_the_recipe": "2020-06-02 20:48:39 +0800"
    },
    "done": true
  },
  "triumph:vanilla/story/smelt_iron": {
    "criteria": {
      "iron": "2020-05-30 21:43:10 +0800"
    },
    "done": true
  },
  "triumph:sky/1_furnace": {
    "criteria": {
      "furnace": "2020-06-02 20:48:39 +0800"
    },
    "done": true
  },
  "triumph:vanilla/end/find_end_city": {
    "criteria": {
      "in_city": "2020-06-02 20:48:39 +0800"
    },
    "done": true
  },
  "triumph:vanilla/recipes/brewing/brewing_stand": {
    "criteria": {
      "has_blaze_rod": "2020-06-02 20:48:39 +0800",
      "has_the_recipe": "2020-06-02 20:48:39 +0800"
    },
    "done": true
  },
  "triumph:vanilla/adventure/root": {
    "criteria": {
      "killed_by_something": "2020-06-02 20:48:39 +0800",
      "killed_something": "2020-06-02 20:48:39 +0800"
    },
    "done": true
  },
  "triumph:vanilla/adventure/kill_a_mob": {
    "criteria": {
      "zombie_pigman": "2020-06-02 20:48:39 +0800",
      "stray": "2020-06-02 20:48:39 +0800",
      "shulker": "2020-06-02 20:48:39 +0800",
      "wither_skeleton": "2020-06-02 20:48:39 +0800",
      "zombie_villager": "2020-06-02 20:48:39 +0800",
      "magma_cube": "2020-06-02 20:48:39 +0800",
      "polar_bear": "2020-06-02 20:48:39 +0800",
      "slime": "2020-06-02 20:48:39 +0800",
      "vindicator": "2020-06-02 20:48:39 +0800",
      "skeleton": "2020-06-02 20:48:39 +0800",
      "husk": "2020-06-02 20:48:39 +0800",
      "blaze": "2020-06-02 20:48:39 +0800",
      "evoker": "2020-06-02 20:48:39 +0800",
      "cave_spider": "2020-06-02 20:48:39 +0800",
      "silverfish": "2020-06-02 20:48:39 +0800",
      "zombie": "2020-06-02 20:48:39 +0800",
      "witch": "2020-06-02 20:48:39 +0800",
      "guardian": "2020-06-02 20:48:39 +0800",
      "spider": "2020-06-02 20:48:39 +0800",
      "ghast": "2020-06-02 20:48:39 +0800",
      "creeper": "2020-06-02 20:48:39 +0800",
      "enderman": "2020-06-02 20:48:39 +0800"
    },
    "done": true
  },
  "triumph:sky/pt1_final": {
    "criteria": {
      "powerage": "2020-05-12 22:19:05 +0800"
    },
    "done": true
  },
  "triumph:vanilla/husbandry/tame_an_animal": {
    "criteria": {
      "tamed_animal": "2020-06-02 20:48:39 +0800"
    },
    "done": true
  },
  "triumph:vanilla/story/enchant_item": {
    "criteria": {
      "enchanted_item": "2020-06-02 20:48:39 +0800"
    },
    "done": true
  },
  "triumph:vanilla/recipes/brewing/golden_carrot": {
    "criteria": {
      "has_gold_nugget": "2020-06-02 20:48:39 +0800",
      "has_the_recipe": "2020-06-02 20:48:39 +0800"
    },
    "done": true
  },
  "triumph:sky/21_steel": {
    "criteria": {
      "steel": "2020-06-02 20:48:39 +0800"
    },
    "done": true
  },
  "triumph:sky/52_gaia2": {
    "criteria": {
      "gaia2": "2020-06-02 20:48:39 +0800"
    },
    "done": true
  },
  "triumph:vanilla/husbandry/break_diamond_hoe": {
    "criteria": {
      "broke_hoe": "2020-06-02 20:48:39 +0800"
    },
    "done": true
  },
  "triumph:vanilla/end/kill_dragon": {
    "criteria": {
      "killed_dragon": "2020-06-02 20:48:39 +0800"
    },
    "done": true
  },
  "triumph:vanilla/husbandry/plant_seed": {
    "criteria": {
      "beetroots": "2020-06-02 20:48:39 +0800",
      "pumpkin_stem": "2020-06-02 20:48:39 +0800",
      "melon_stem": "2020-06-02 20:48:39 +0800",
      "nether_wart": "2020-06-02 20:48:39 +0800",
      "wheat": "2020-06-02 20:48:39 +0800"
    },
    "done": true
  },
  "triumph:vanilla/end/levitate": {
    "criteria": {
      "levitated": "2020-06-02 20:48:39 +0800"
    },
    "done": true
  },
  "triumph:vanilla/story/cure_zombie_villager": {
    "criteria": {
      "cured_zombie": "2020-06-02 20:48:39 +0800"
    },
    "done": true
  },
  "triumph:vanilla/adventure/shoot_arrow": {
    "criteria": {
      "shot_arrow": "2020-06-02 20:48:39 +0800"
    },
    "done": true
  },
  "triumph:vanilla/nether/return_to_sender": {
    "criteria": {
      "killed_ghast": "2020-06-02 20:48:39 +0800"
    },
    "done": true
  },
  "triumph:sky/root": {
    "criteria": {
      "location": "2020-05-12 20:20:23 +0800"
    },
    "done": true
  },
  "triumph:vanilla/husbandry/root": {
    "criteria": {
      "consumed_item": "2020-06-02 20:48:39 +0800"
    },
    "done": true
  },
  "triumph:vanilla/story/enter_the_nether": {
    "criteria": {
      "entered_nether": "2020-05-30 21:33:51 +0800"
    },
    "done": true
  },
  "triumph:vanilla/nether/get_wither_skull": {
    "criteria": {
      "wither_skull": "2020-06-02 20:48:39 +0800"
    },
    "done": true
  },
  "triumph:vanilla/adventure/trade": {
    "criteria": {
      "traded": "2020-06-02 20:48:39 +0800"
    },
    "done": true
  },
  "triumph:vanilla/adventure/summon_iron_golem": {
    "criteria": {
      "summoned_golem": "2020-06-02 20:48:39 +0800"
    },
    "done": true
  },
  "triumph:vanilla/adventure/kill_all_mobs": {
    "criteria": {
      "zombie_pigman": "2020-06-02 20:48:39 +0800",
      "stray": "2020-06-02 20:48:39 +0800",
      "shulker": "2020-06-02 20:48:39 +0800",
      "wither_skeleton": "2020-06-02 20:48:39 +0800",
      "zombie_villager": "2020-06-02 20:48:39 +0800",
      "magma_cube": "2020-06-02 20:48:39 +0800",
      "polar_bear": "2020-06-02 20:48:39 +0800",
      "slime": "2020-06-02 20:48:39 +0800",
      "vindicator": "2020-06-02 20:48:39 +0800",
      "skeleton": "2020-06-02 20:48:39 +0800",
      "husk": "2020-06-02 20:48:39 +0800",
      "blaze": "2020-06-02 20:48:39 +0800",
      "evoker": "2020-06-02 20:48:39 +0800",
      "cave_spider": "2020-06-02 20:48:39 +0800",
      "silverfish": "2020-06-02 20:48:39 +0800",
      "zombie": "2020-06-02 20:48:39 +0800",
      "witch": "2020-06-02 20:48:39 +0800",
      "guardian": "2020-06-02 20:48:39 +0800",
      "spider": "2020-06-02 20:48:39 +0800",
      "ghast": "2020-06-02 20:48:39 +0800",
      "creeper": "2020-06-02 20:48:39 +0800",
      "enderman": "2020-06-02 20:48:39 +0800"
    },
    "done": true
  },
  "triumph:vanilla/nether/all_potions": {
    "criteria": {
      "all_effects": "2020-06-02 20:48:39 +0800"
    },
    "done": true
  },
  "triumph:vanilla/nether/summon_wither": {
    "criteria": {
      "summoned": "2020-06-02 20:48:39 +0800"
    },
    "done": true
  },
  "triumph:vanilla/story/mine_stone": {
    "criteria": {
      "get_stone": "2020-05-14 20:12:20 +0800"
    },
    "done": true
  },
  "triumph:vanilla/story/enter_the_end": {
    "criteria": {
      "entered_end": "2020-06-02 20:48:39 +0800"
    },
    "done": true
  },
  "triumph:vanilla/story/obtain_armor": {
    "criteria": {
      "iron_boots": "2020-06-02 20:48:39 +0800",
      "iron_chestplate": "2020-06-02 20:48:39 +0800",
      "iron_leggings": "2020-06-02 20:48:39 +0800",
      "iron_helmet": "2020-06-02 20:48:39 +0800"
    },
    "done": true
  },
  "triumph:vanilla/adventure/sniper_duel": {
    "criteria": {
      "killed_skeleton": "2020-06-02 20:48:39 +0800"
    },
    "done": true
  },
  "triumph:sky/6_control": {
    "criteria": {
      "ae2ctrler": "2020-06-02 20:48:39 +0800"
    },
    "done": true
  },
  "triumph:vanilla/nether/find_fortress": {
    "criteria": {
      "fortress": "2020-05-30 21:33:51 +0800"
    },
    "done": true
  },
  "triumph:vanilla/story/iron_tools": {
    "criteria": {
      "iron_pickaxe": "2020-06-02 20:48:39 +0800"
    },
    "done": true
  },
  "triumph:vanilla/story/root": {
    "criteria": {
      "crafting_table": "2020-06-02 20:48:39 +0800"
    },
    "done": true
  },
  "triumph:vanilla/nether/create_beacon": {
    "criteria": {
      "beacon": "2020-06-02 20:48:39 +0800"
    },
    "done": true
  },
  "triumph:vanilla/adventure/totem_of_undying": {
    "criteria": {
      "used_totem": "2020-06-02 20:48:39 +0800"
    },
    "done": true
  },
  "triumph:vanilla/nether/obtain_blaze_rod": {
    "criteria": {
      "blaze_rod": "2020-06-02 20:48:39 +0800"
    },
    "done": true
  },
  "triumph:vanilla/adventure/sleep_in_bed": {
    "criteria": {
      "slept_in_bed": "2020-06-02 20:48:39 +0800"
    },
    "done": true
  },
  "triumph:vanilla/nether/uneasy_alliance": {
    "criteria": {
      "killed_ghast": "2020-06-02 20:48:39 +0800"
    },
    "done": true
  },
  "triumph:vanilla/husbandry/breed_an_animal": {
    "criteria": {
      "bred_chicken": "2020-06-02 20:48:39 +0800",
      "bred_ocelot": "2020-06-02 20:48:39 +0800",
      "bred_sheep": "2020-06-02 20:48:39 +0800",
      "bred_wolf": "2020-06-02 20:48:39 +0800",
      "bred_llama": "2020-06-02 20:48:39 +0800",
      "bred_rabbit": "2020-06-02 20:48:39 +0800",
      "bred_horse": "2020-06-02 20:48:39 +0800",
      "bred_cow": "2020-06-02 20:48:39 +0800",
      "bred_mooshroom": "2020-06-02 20:48:39 +0800",
      "bred_pig": "2020-06-02 20:48:39 +0800"
    },
    "done": true
  },
  "triumph:vanilla/end/dragon_breath": {
    "criteria": {
      "dragon_breath": "2020-06-02 20:48:39 +0800"
    },
    "done": true
  },
  "triumph:vanilla/end/dragon_egg": {
    "criteria": {
      "dragon_egg": "2020-06-02 20:48:39 +0800"
    },
    "done": true
  },
  "triumph:vanilla/recipes/brewing/speckled_melon": {
    "criteria": {
      "has_melon": "2020-06-02 20:48:39 +0800",
      "has_the_recipe": "2020-06-02 20:48:39 +0800"
    },
    "done": true
  },
  "triumph:sky/4_bee": {
    "criteria": {
      "bee1": "2020-06-02 20:48:39 +0800"
    },
    "done": true
  },
  "triumph:vanilla/story/deflect_arrow": {
    "criteria": {
      "deflected_projectile": "2020-06-02 20:48:39 +0800"
    },
    "done": true
  },
  "triumph:vanilla/nether/brew_potion": {
    "criteria": {
      "potion": "2020-06-02 20:48:39 +0800"
    },
    "done": true
  },
  "triumph:vanilla/recipes/brewing/blaze_powder": {
    "criteria": {
      "has_blaze_rod": "2020-06-02 20:48:39 +0800",
      "has_the_recipe": "2020-06-02 20:48:39 +0800"
    },
    "done": true
  },
  "triumph:sky/2_sali_mundus": {
    "criteria": {
      "saliMundus": "2020-06-02 20:48:39 +0800"
    },
    "done": true
  },
  "triumph:vanilla/recipes/brewing/magma_cream": {
    "criteria": {
      "has_blaze_powder": "2020-06-02 20:48:39 +0800",
      "has_the_recipe": "2020-06-02 20:48:39 +0800"
    },
    "done": true
  },
  "triumph:vanilla/recipes/brewing/glass_bottle": {
    "criteria": {
      "has_glass": "2020-06-02 20:48:39 +0800",
      "has_the_recipe": "2020-06-02 20:48:39 +0800"
    },
    "done": true
  },
  "triumph:vanilla/story/follow_ender_eye": {
    "criteria": {
      "in_stronghold": "2020-06-02 20:48:39 +0800"
    },
    "done": true
  },
  "triumph:vanilla/story/shiny_gear": {
    "criteria": {
      "diamond_leggings": "2020-06-02 20:48:39 +0800",
      "diamond_helmet": "2020-06-02 20:48:39 +0800",
      "diamond_chestplate": "2020-06-02 20:48:39 +0800",
      "diamond_boots": "2020-06-02 20:48:39 +0800"
    },
    "done": true
  },
  "triumph:vanilla/end/elytra": {
    "criteria": {
      "elytra": "2020-06-02 20:48:39 +0800"
    },
    "done": true
  },
  "triumph:vanilla/recipes/brewing/cauldron": {
    "criteria": {
      "has_the_recipe": "2020-06-02 20:48:39 +0800",
      "has_water_bucket": "2020-06-02 20:48:39 +0800"
    },
    "done": true
  },
  "triumph:vanilla/nether/all_effects": {
    "criteria": {
      "all_effects": "2020-06-02 20:48:39 +0800"
    },
    "done": true
  },
  "triumph:sky/62_pattern_terminal": {
    "criteria": {
      "terminal": "2020-06-02 20:48:39 +0800"
    },
    "done": true
  },
  "triumph:vanilla/nether/create_full_beacon": {
    "criteria": {
      "beacon": "2020-06-02 20:48:39 +0800"
    },
    "done": true
  },
  "triumph:vanilla/story/lava_bucket": {
    "criteria": {
      "lava_bucket": "2020-06-02 20:48:39 +0800"
    },
    "done": true
  },
  "triumph:vanilla/end/enter_end_gateway": {
    "criteria": {
      "entered_end_gateway": "2020-06-02 20:48:39 +0800"
    },
    "done": true
  },
  "triumph:vanilla/husbandry/balanced_diet": {
    "criteria": {
      "cooked_porkchop": "2020-06-02 20:48:39 +0800",
      "chicken": "2020-06-02 20:48:39 +0800",
      "cooked_mutton": "2020-06-02 20:48:39 +0800",
      "cooked_beef": "2020-06-02 20:48:39 +0800",
      "chorus_fruit": "2020-06-02 20:48:39 +0800",
      "beef": "2020-06-02 20:48:39 +0800",
      "baked_potato": "2020-06-02 20:48:39 +0800",
      "porkchop": "2020-06-02 20:48:39 +0800",
      "clownfish": "2020-06-02 20:48:39 +0800",
      "beetroot_soup": "2020-06-02 20:48:39 +0800",
      "apple": "2020-06-02 20:48:39 +0800",
      "spider_eye": "2020-06-02 20:48:39 +0800",
      "potato": "2020-06-02 20:48:39 +0800",
      "cooked_cod": "2020-06-02 20:48:39 +0800",
      "rabbit": "2020-06-02 20:48:39 +0800",
      "poisonous_potato": "2020-06-02 20:48:39 +0800",
      "melon": "2020-06-02 20:48:39 +0800",
      "pumpkin_pie": "2020-06-02 20:48:39 +0800",
      "raw_salmon": "2020-06-02 20:48:39 +0800",
      "mutton": "2020-06-02 20:48:39 +0800",
      "pufferfish": "2020-06-02 20:48:39 +0800",
      "bread": "2020-06-02 20:48:39 +0800",
      "golden_apple": "2020-06-02 20:48:39 +0800",
      "cookie": "2020-06-02 20:48:39 +0800",
      "rotten_flesh": "2020-06-02 20:48:39 +0800",
      "raw_cod": "2020-06-02 20:48:39 +0800",
      "golden_carrot": "2020-06-02 20:48:39 +0800",
      "beetroot": "2020-06-02 20:48:39 +0800",
      "cooked_rabbit": "2020-06-02 20:48:39 +0800",
      "cooked_chicken": "2020-06-02 20:48:39 +0800",
      "enchanted_golden_apple": "2020-06-02 20:48:39 +0800",
      "mushroom_stew": "2020-06-02 20:48:39 +0800",
      "rabbit_stew": "2020-06-02 20:48:39 +0800",
      "cooked_salmon": "2020-06-02 20:48:39 +0800",
      "carrot": "2020-06-02 20:48:39 +0800"
    },
    "done": true
  }
}