{"stat.useItem.thermalfoundation.wrench":9,"stat.useItem.extrautils2.machine":2,"stat.leaveGame":4,"stat.useItem.minecraft.bookshelf":1,"stat.useItem.industrialforegoing.laser_base":7,"stat.useItem.thaumcraft.salis_mundus":3,"stat.useItem.immersiveengineering.stone_decoration":8,"stat.jump":88,"stat.pickup.minecraft.coal":2,"stat.pickup.minecraft.iron_ingot":1,"stat.useItem.appliedenergistics2.entropy_manipulator":7,"stat.useItem.thermalfoundation.ore":2,"stat.crouchOneCm":559,"stat.useItem.enderio.block_niard":1,"stat.useItem.minecraft.obsidian":14,"stat.useItem.thermalfoundation.upgrade":1,"stat.useItem.minecraft.stone_slab2":18,"stat.useItem.minecraft.water_bucket":3,"stat.craftingTableInteraction":8,"stat.pickup.thermalfoundation.ore":64,"stat.mineBlock.ic2.resource":3,"stat.useItem.appliedenergistics2.crank":1,"stat.useItem.enderio.block_simple_alloy_smelter":1,"stat.useItem.minecraft.iron_ore":1,"stat.useItem.enderio.block_painter":1,"stat.useItem.thermalexpansion.machine":3,"stat.useItem.minecraft.furnace":2,"stat.flyOneCm":10464,"stat.mineBlock.excompressum.compressed_block":1,"stat.pickup.appliedenergistics2.material":3,"stat.drop.bq_standard.loot_chest":2,"stat.craftItem.ic2.ingot":19,"stat.useItem.extrautils2.decorativeglass":3,"stat.useItem.chisel.obsidian":7,"stat.drop.thaumcraft.thaumometer":1,"stat.ae2.TurnedCranks":11,"stat.sleepInBed":2,"stat.timeSinceDeath":1364512,"stat.useItem.ic2.resource":4,"stat.useItem.excompressum.compressed_hammer_diamond":1,"stat.useItem.minecraft.iron_pickaxe":1,"stat.useItem.minecraft.crafting_table":3,"stat.mineBlock.minecraft.dirt":1,"stat.craftItem.mekanism.nugget":27,"stat.walkOneCm":34125,"stat.drop.thaumcraft.thaumonomicon":2,"stat.useItem.enderio.block_cap_bank":2,"stat.furnaceInteraction":6,"stat.useItem.appliedenergistics2.charger":3,"stat.craftItem.mekanism.ingot":3,"stat.useItem.botania.rfgenerator":1,"stat.pickup.botania.manaresource":6,"stat.useItem.industrialforegoing.laser_drill":8,"stat.craftItem.thermalfoundation.material":2,"stat.craftItem.thaumcraft.thaumometer":1,"stat.useItem.projectred-expansion.machine1":2,"stat.useItem.tconstruct.pickaxe":2,"stat.craftItem.minecraft.stone_slab2":0,"stat.shulkerBoxOpened":1,"stat.pickup.ic2.resource":3,"stat.pickup.exnihilocreatio.block_netherrack_crushed":9,"stat.useItem.minecraft.cauldron":1,"stat.useItem.minecraft.flint_and_steel":1,"stat.pickup.thaumcraft.crystal_essence":1,"stat.useItem.excompressum.compressed_block":2,"stat.drop.thaumcraft.crystal_essence":1,"stat.pickup.extendedcrafting.compressor":64,"stat.craftItem.ic2.resource":3,"stat.useItem.excompressum.wooden_crucible":1,"stat.pickup.thaumcraft.thaumometer":1,"stat.drop":6,"stat.playOneMinute":1364512,"stat.sneakTime":1392,"stat.pickup.thaumcraft.thaumonomicon":3,"stat.craftItem.immersiveengineering.metal":3,"stat.useItem.industrialforegoing.resourceful_furnace":1,"stat.useItem.ic2.foam_sprayer":1}